"","date","time","age","confirmed","deceased"
"1","2020.3.2",0,"0s",32,0
"2","2020.3.2",0,"10s",169,0
"3","2020.3.2",0,"20s",1235,0
"4","2020.3.2",0,"30s",506,1
"5","2020.3.2",0,"40s",633,1
"6","2020.3.2",0,"50s",834,5
"7","2020.3.2",0,"60s",530,6
"8","2020.3.2",0,"70s",192,6
"9","2020.3.2",0,"80s",81,3
"10","2020.3.3",0,"0s",34,0
"11","2020.3.3",0,"10s",204,0
"12","2020.3.3",0,"20s",1417,0
"13","2020.3.3",0,"30s",578,1
"14","2020.3.3",0,"40s",713,1
"15","2020.3.3",0,"50s",952,5
"16","2020.3.3",0,"60s",597,7
"17","2020.3.3",0,"70s",224,9
"18","2020.3.3",0,"80s",93,5
"19","2020.3.4",0,"0s",34,0
"20","2020.3.4",0,"10s",233,0
"21","2020.3.4",0,"20s",1575,0
"22","2020.3.4",0,"30s",631,1
"23","2020.3.4",0,"40s",790,1
"24","2020.3.4",0,"50s",1051,5
"25","2020.3.4",0,"60s",646,7
"26","2020.3.4",0,"70s",260,12
"27","2020.3.4",0,"80s",108,6
"28","2020.3.5",0,"0s",38,0
"29","2020.3.5",0,"10s",257,0
"30","2020.3.5",0,"20s",1727,0
"31","2020.3.5",0,"30s",659,1
"32","2020.3.5",0,"40s",847,1
"33","2020.3.5",0,"50s",1127,5
"34","2020.3.5",0,"60s",699,8
"35","2020.3.5",0,"70s",288,13
"36","2020.3.5",0,"80s",124,7
"37","2020.3.6",0,"0s",45,0
"38","2020.3.6",0,"10s",292,0
"39","2020.3.6",0,"20s",1877,0
"40","2020.3.6",0,"30s",693,1
"41","2020.3.6",0,"40s",889,1
"42","2020.3.6",0,"50s",1217,5
"43","2020.3.6",0,"60s",763,11
"44","2020.3.6",0,"70s",340,14
"45","2020.3.6",0,"80s",168,10
"46","2020.3.7",0,"0s",52,0
"47","2020.3.7",0,"10s",327,0
"48","2020.3.7",0,"20s",2038,0
"49","2020.3.7",0,"30s",727,1
"50","2020.3.7",0,"40s",941,1
"51","2020.3.7",0,"50s",1287,5
"52","2020.3.7",0,"60s",830,11
"53","2020.3.7",0,"70s",384,14
"54","2020.3.7",0,"80s",191,12
"55","2020.3.8",0,"0s",58,0
"56","2020.3.8",0,"10s",360,0
"57","2020.3.8",0,"20s",2133,0
"58","2020.3.8",0,"30s",760,1
"59","2020.3.8",0,"40s",975,1
"60","2020.3.8",0,"50s",1349,5
"61","2020.3.8",0,"60s",878,11
"62","2020.3.8",0,"70s",409,18
"63","2020.3.8",0,"80s",212,14
"64","2020.3.9",0,"0s",66,0
"65","2020.3.9",0,"10s",381,0
"66","2020.3.9",0,"20s",2190,0
"67","2020.3.9",0,"30s",779,1
"68","2020.3.9",0,"40s",1005,1
"69","2020.3.9",0,"50s",1391,5
"70","2020.3.9",0,"60s",916,12
"71","2020.3.9",0,"70s",438,18
"72","2020.3.9",0,"80s",216,14
"73","2020.3.10",0,"0s",67,0
"74","2020.3.10",0,"10s",393,0
"75","2020.3.10",0,"20s",2213,0
"76","2020.3.10",0,"30s",789,1
"77","2020.3.10",0,"40s",1030,1
"78","2020.3.10",0,"50s",1416,5
"79","2020.3.10",0,"60s",929,13
"80","2020.3.10",0,"70s",454,19
"81","2020.3.10",0,"80s",222,15
"82","2020.3.11",0,"0s",75,0
"83","2020.3.11",0,"10s",405,0
"84","2020.3.11",0,"20s",2238,0
"85","2020.3.11",0,"30s",804,1
"86","2020.3.11",0,"40s",1082,1
"87","2020.3.11",0,"50s",1472,6
"88","2020.3.11",0,"60s",960,14
"89","2020.3.11",0,"70s",483,21
"90","2020.3.11",0,"80s",236,17
"91","2020.3.12",0,"0s",76,0
"92","2020.3.12",0,"10s",412,0
"93","2020.3.12",0,"20s",2261,0
"94","2020.3.12",0,"30s",812,1
"95","2020.3.12",0,"40s",1101,1
"96","2020.3.12",0,"50s",1495,6
"97","2020.3.12",0,"60s",972,14
"98","2020.3.12",0,"70s",497,24
"99","2020.3.12",0,"80s",243,20
"100","2020.3.13",0,"0s",77,0
"101","2020.3.13",0,"10s",421,0
"102","2020.3.13",0,"20s",2274,0
"103","2020.3.13",0,"30s",823,1
"104","2020.3.13",0,"40s",1117,1
"105","2020.3.13",0,"50s",1523,6
"106","2020.3.13",0,"60s",985,14
"107","2020.3.13",0,"70s",506,24
"108","2020.3.13",0,"80s",253,21
"109","2020.3.14",0,"0s",81,0
"110","2020.3.14",0,"10s",424,0
"111","2020.3.14",0,"20s",2287,0
"112","2020.3.14",0,"30s",833,1
"113","2020.3.14",0,"40s",1133,1
"114","2020.3.14",0,"50s",1551,6
"115","2020.3.14",0,"60s",999,14
"116","2020.3.14",0,"70s",515,27
"117","2020.3.14",0,"80s",263,23
"118","2020.3.15",0,"0s",83,0
"119","2020.3.15",0,"10s",427,0
"120","2020.3.15",0,"20s",2301,0
"121","2020.3.15",0,"30s",842,1
"122","2020.3.15",0,"40s",1141,1
"123","2020.3.15",0,"50s",1568,6
"124","2020.3.15",0,"60s",1012,14
"125","2020.3.15",0,"70s",525,28
"126","2020.3.15",0,"80s",263,25
"127","2020.3.16",0,"0s",85,0
"128","2020.3.16",0,"10s",432,0
"129","2020.3.16",0,"20s",2313,0
"130","2020.3.16",0,"30s",849,1
"131","2020.3.16",0,"40s",1147,1
"132","2020.3.16",0,"50s",1585,6
"133","2020.3.16",0,"60s",1024,14
"134","2020.3.16",0,"70s",531,28
"135","2020.3.16",0,"80s",270,25
"136","2020.3.17",0,"0s",86,0
"137","2020.3.17",0,"10s",436,0
"138","2020.3.17",0,"20s",2330,0
"139","2020.3.17",0,"30s",856,1
"140","2020.3.17",0,"40s",1164,1
"141","2020.3.17",0,"50s",1602,6
"142","2020.3.17",0,"60s",1033,16
"143","2020.3.17",0,"70s",539,29
"144","2020.3.17",0,"80s",274,28
"145","2020.3.18",0,"0s",87,0
"146","2020.3.18",0,"10s",438,0
"147","2020.3.18",0,"20s",2342,0
"148","2020.3.18",0,"30s",873,1
"149","2020.3.18",0,"40s",1171,1
"150","2020.3.18",0,"50s",1615,6
"151","2020.3.18",0,"60s",1059,16
"152","2020.3.18",0,"70s",542,29
"153","2020.3.18",0,"80s",286,31
"154","2020.3.19",0,"0s",91,0
"155","2020.3.19",0,"10s",444,0
"156","2020.3.19",0,"20s",2358,0
"157","2020.3.19",0,"30s",886,1
"158","2020.3.19",0,"40s",1181,1
"159","2020.3.19",0,"50s",1642,7
"160","2020.3.19",0,"60s",1080,17
"161","2020.3.19",0,"70s",562,34
"162","2020.3.19",0,"80s",321,31
"163","2020.3.20",0,"0s",97,0
"164","2020.3.20",0,"10s",452,0
"165","2020.3.20",0,"20s",2365,0
"166","2020.3.20",0,"30s",893,1
"167","2020.3.20",0,"40s",1193,1
"168","2020.3.20",0,"50s",1656,7
"169","2020.3.20",0,"60s",1099,17
"170","2020.3.20",0,"70s",568,35
"171","2020.3.20",0,"80s",329,33
"172","2020.3.21",0,"0s",99,0
"173","2020.3.21",0,"10s",457,0
"174","2020.3.21",0,"20s",2380,0
"175","2020.3.21",0,"30s",900,1
"176","2020.3.21",0,"40s",1203,1
"177","2020.3.21",0,"50s",1672,7
"178","2020.3.21",0,"60s",1118,17
"179","2020.3.21",0,"70s",589,37
"180","2020.3.21",0,"80s",381,39
"181","2020.3.22",0,"0s",101,0
"182","2020.3.22",0,"10s",460,0
"183","2020.3.22",0,"20s",2396,0
"184","2020.3.22",0,"30s",909,1
"185","2020.3.22",0,"40s",1221,1
"186","2020.3.22",0,"50s",1691,7
"187","2020.3.22",0,"60s",1132,17
"188","2020.3.22",0,"70s",595,37
"189","2020.3.22",0,"80s",392,41
"190","2020.3.23",0,"0s",103,0
"191","2020.3.23",0,"10s",460,0
"192","2020.3.23",0,"20s",2417,0
"193","2020.3.23",0,"30s",917,1
"194","2020.3.23",0,"40s",1228,1
"195","2020.3.23",0,"50s",1702,7
"196","2020.3.23",0,"60s",1139,18
"197","2020.3.23",0,"70s",599,38
"198","2020.3.23",0,"80s",396,46
"199","2020.3.24",0,"0s",105,0
"200","2020.3.24",0,"10s",468,0
"201","2020.3.24",0,"20s",2438,0
"202","2020.3.24",0,"30s",921,1
"203","2020.3.24",0,"40s",1234,1
"204","2020.3.24",0,"50s",1716,8
"205","2020.3.24",0,"60s",1146,20
"206","2020.3.24",0,"70s",608,38
"207","2020.3.24",0,"80s",401,52
"208","2020.3.25",0,"0s",105,0
"209","2020.3.25",0,"10s",475,0
"210","2020.3.25",0,"20s",2473,0
"211","2020.3.25",0,"30s",943,1
"212","2020.3.25",0,"40s",1246,1
"213","2020.3.25",0,"50s",1724,10
"214","2020.3.25",0,"60s",1154,20
"215","2020.3.25",0,"70s",611,39
"216","2020.3.25",0,"80s",406,55
"217","2020.3.26",0,"0s",106,0
"218","2020.3.26",0,"10s",488,0
"219","2020.3.26",0,"20s",2508,0
"220","2020.3.26",0,"30s",955,1
"221","2020.3.26",0,"40s",1252,1
"222","2020.3.26",0,"50s",1738,10
"223","2020.3.26",0,"60s",1162,20
"224","2020.3.26",0,"70s",616,41
"225","2020.3.26",0,"80s",416,58
"226","2020.3.27",0,"0s",108,0
"227","2020.3.27",0,"10s",496,0
"228","2020.3.27",0,"20s",2532,0
"229","2020.3.27",0,"30s",960,1
"230","2020.3.27",0,"40s",1256,1
"231","2020.3.27",0,"50s",1752,10
"232","2020.3.27",0,"60s",1170,21
"233","2020.3.27",0,"70s",630,41
"234","2020.3.27",0,"80s",428,65
"235","2020.3.28",0,"0s",109,0
"236","2020.3.28",0,"10s",501,0
"237","2020.3.28",0,"20s",2567,0
"238","2020.3.28",0,"30s",978,1
"239","2020.3.28",0,"40s",1278,1
"240","2020.3.28",0,"50s",1780,10
"241","2020.3.28",0,"60s",1201,21
"242","2020.3.28",0,"70s",632,41
"243","2020.3.28",0,"80s",432,70
"244","2020.3.29",0,"0s",111,0
"245","2020.3.29",0,"10s",508,0
"246","2020.3.29",0,"20s",2602,0
"247","2020.3.29",0,"30s",993,1
"248","2020.3.29",0,"40s",1292,1
"249","2020.3.29",0,"50s",1798,10
"250","2020.3.29",0,"60s",1210,21
"251","2020.3.29",0,"70s",635,43
"252","2020.3.29",0,"80s",434,76
"253","2020.3.30",0,"0s",112,0
"254","2020.3.30",0,"10s",513,0
"255","2020.3.30",0,"20s",2630,0
"256","2020.3.30",0,"30s",1002,1
"257","2020.3.30",0,"40s",1297,1
"258","2020.3.30",0,"50s",1812,10
"259","2020.3.30",0,"60s",1218,21
"260","2020.3.30",0,"70s",640,45
"261","2020.3.30",0,"80s",437,80
"262","2020.3.31",0,"0s",112,0
"263","2020.3.31",0,"10s",515,0
"264","2020.3.31",0,"20s",2656,0
"265","2020.3.31",0,"30s",1012,1
"266","2020.3.31",0,"40s",1312,1
"267","2020.3.31",0,"50s",1851,10
"268","2020.3.31",0,"60s",1235,22
"269","2020.3.31",0,"70s",651,46
"270","2020.3.31",0,"80s",442,82
"271","2020.4.1",0,"0s",116,0
"272","2020.4.1",0,"10s",519,0
"273","2020.4.1",0,"20s",2682,0
"274","2020.4.1",0,"30s",1027,1
"275","2020.4.1",0,"40s",1323,1
"276","2020.4.1",0,"50s",1865,10
"277","2020.4.1",0,"60s",1245,23
"278","2020.4.1",0,"70s",658,46
"279","2020.4.1",0,"80s",452,84
"280","2020.4.2",0,"0s",119,0
"281","2020.4.2",0,"10s",522,0
"282","2020.4.2",0,"20s",2704,0
"283","2020.4.2",0,"30s",1043,1
"284","2020.4.2",0,"40s",1336,2
"285","2020.4.2",0,"50s",1878,11
"286","2020.4.2",0,"60s",1258,23
"287","2020.4.2",0,"70s",663,47
"288","2020.4.2",0,"80s",453,85
"289","2020.4.3",0,"0s",121,0
"290","2020.4.3",0,"10s",528,0
"291","2020.4.3",0,"20s",2734,0
"292","2020.4.3",0,"30s",1052,1
"293","2020.4.3",0,"40s",1350,2
"294","2020.4.3",0,"50s",1887,12
"295","2020.4.3",0,"60s",1266,24
"296","2020.4.3",0,"70s",668,49
"297","2020.4.3",0,"80s",456,86
"298","2020.4.4",0,"0s",122,0
"299","2020.4.4",0,"10s",530,0
"300","2020.4.4",0,"20s",2761,0
"301","2020.4.4",0,"30s",1066,1
"302","2020.4.4",0,"40s",1358,2
"303","2020.4.4",0,"50s",1898,12
"304","2020.4.4",0,"60s",1282,25
"305","2020.4.4",0,"70s",678,50
"306","2020.4.4",0,"80s",461,87
"307","2020.4.5",0,"0s",124,0
"308","2020.4.5",0,"10s",535,0
"309","2020.4.5",0,"20s",2789,0
"310","2020.4.5",0,"30s",1083,1
"311","2020.4.5",0,"40s",1370,2
"312","2020.4.5",0,"50s",1904,13
"313","2020.4.5",0,"60s",1289,25
"314","2020.4.5",0,"70s",681,51
"315","2020.4.5",0,"80s",462,91
"316","2020.4.6",0,"0s",126,0
"317","2020.4.6",0,"10s",542,0
"318","2020.4.6",0,"20s",2804,0
"319","2020.4.6",0,"30s",1086,1
"320","2020.4.6",0,"40s",1375,2
"321","2020.4.6",0,"50s",1906,13
"322","2020.4.6",0,"60s",1294,26
"323","2020.4.6",0,"70s",686,52
"324","2020.4.6",0,"80s",465,92
"325","2020.4.7",0,"0s",126,0
"326","2020.4.7",0,"10s",544,0
"327","2020.4.7",0,"20s",2819,0
"328","2020.4.7",0,"30s",1092,1
"329","2020.4.7",0,"40s",1382,2
"330","2020.4.7",0,"50s",1909,13
"331","2020.4.7",0,"60s",1304,26
"332","2020.4.7",0,"70s",689,57
"333","2020.4.7",0,"80s",466,93
"334","2020.4.8",0,"0s",126,0
"335","2020.4.8",0,"10s",548,0
"336","2020.4.8",0,"20s",2832,0
"337","2020.4.8",0,"30s",1102,1
"338","2020.4.8",0,"40s",1387,3
"339","2020.4.8",0,"50s",1915,13
"340","2020.4.8",0,"60s",1312,27
"341","2020.4.8",0,"70s",692,60
"342","2020.4.8",0,"80s",470,96
"343","2020.4.9",0,"0s",128,0
"344","2020.4.9",0,"10s",552,0
"345","2020.4.9",0,"20s",2844,0
"346","2020.4.9",0,"30s",1109,1
"347","2020.4.9",0,"40s",1394,3
"348","2020.4.9",0,"50s",1917,13
"349","2020.4.9",0,"60s",1314,27
"350","2020.4.9",0,"70s",692,60
"351","2020.4.9",0,"80s",473,100
"352","2020.4.10",0,"0s",129,0
"353","2020.4.10",0,"10s",553,0
"354","2020.4.10",0,"20s",2851,0
"355","2020.4.10",0,"30s",1113,1
"356","2020.4.10",0,"40s",1396,3
"357","2020.4.10",0,"50s",1920,13
"358","2020.4.10",0,"60s",1320,28
"359","2020.4.10",0,"70s",694,62
"360","2020.4.10",0,"80s",474,101
"361","2020.4.11",0,"0s",130,0
"362","2020.4.11",0,"10s",558,0
"363","2020.4.11",0,"20s",2856,0
"364","2020.4.11",0,"30s",1115,1
"365","2020.4.11",0,"40s",1399,3
"366","2020.4.11",0,"50s",1926,14
"367","2020.4.11",0,"60s",1327,29
"368","2020.4.11",0,"70s",694,63
"369","2020.4.11",0,"80s",475,101
"370","2020.4.12",0,"0s",130,0
"371","2020.4.12",0,"10s",561,0
"372","2020.4.12",0,"20s",2869,0
"373","2020.4.12",0,"30s",1120,1
"374","2020.4.12",0,"40s",1400,3
"375","2020.4.12",0,"50s",1930,14
"376","2020.4.12",0,"60s",1330,31
"377","2020.4.12",0,"70s",697,63
"378","2020.4.12",0,"80s",475,102
"379","2020.4.13",0,"0s",132,0
"380","2020.4.13",0,"10s",562,0
"381","2020.4.13",0,"20s",2879,0
"382","2020.4.13",0,"30s",1122,1
"383","2020.4.13",0,"40s",1401,3
"384","2020.4.13",0,"50s",1932,14
"385","2020.4.13",0,"60s",1335,32
"386","2020.4.13",0,"70s",698,64
"387","2020.4.13",0,"80s",476,103
"388","2020.4.14",0,"0s",132,0
"389","2020.4.14",0,"10s",565,0
"390","2020.4.14",0,"20s",2886,0
"391","2020.4.14",0,"30s",1126,1
"392","2020.4.14",0,"40s",1405,3
"393","2020.4.14",0,"50s",1935,14
"394","2020.4.14",0,"60s",1338,33
"395","2020.4.14",0,"70s",700,65
"396","2020.4.14",0,"80s",477,106
"397","2020.4.15",0,"0s",132,0
"398","2020.4.15",0,"10s",569,0
"399","2020.4.15",0,"20s",2895,0
"400","2020.4.15",0,"30s",1131,1
"401","2020.4.15",0,"40s",1408,3
"402","2020.4.15",0,"50s",1937,14
"403","2020.4.15",0,"60s",1339,33
"404","2020.4.15",0,"70s",702,68
"405","2020.4.15",0,"80s",478,106
"406","2020.4.16",0,"0s",135,0
"407","2020.4.16",0,"10s",572,0
"408","2020.4.16",0,"20s",2900,0
"409","2020.4.16",0,"30s",1132,1
"410","2020.4.16",0,"40s",1410,3
"411","2020.4.16",0,"50s",1940,14
"412","2020.4.16",0,"60s",1341,33
"413","2020.4.16",0,"70s",703,68
"414","2020.4.16",0,"80s",480,110
"415","2020.4.17",0,"0s",136,0
"416","2020.4.17",0,"10s",576,0
"417","2020.4.17",0,"20s",2909,0
"418","2020.4.17",0,"30s",1135,1
"419","2020.4.17",0,"40s",1411,3
"420","2020.4.17",0,"50s",1942,14
"421","2020.4.17",0,"60s",1342,33
"422","2020.4.17",0,"70s",704,68
"423","2020.4.17",0,"80s",480,111
"424","2020.4.18",0,"0s",138,0
"425","2020.4.18",0,"10s",576,0
"426","2020.4.18",0,"20s",2918,0
"427","2020.4.18",0,"30s",1136,1
"428","2020.4.18",0,"40s",1412,3
"429","2020.4.18",0,"50s",1944,15
"430","2020.4.18",0,"60s",1343,33
"431","2020.4.18",0,"70s",705,68
"432","2020.4.18",0,"80s",481,112
"433","2020.4.19",0,"0s",138,0
"434","2020.4.19",0,"10s",578,0
"435","2020.4.19",0,"20s",2921,0
"436","2020.4.19",0,"30s",1137,2
"437","2020.4.19",0,"40s",1412,3
"438","2020.4.19",0,"50s",1945,15
"439","2020.4.19",0,"60s",1343,34
"440","2020.4.19",0,"70s",705,68
"441","2020.4.19",0,"80s",482,112
"442","2020.4.20",0,"0s",138,0
"443","2020.4.20",0,"10s",581,0
"444","2020.4.20",0,"20s",2926,0
"445","2020.4.20",0,"30s",1139,2
"446","2020.4.20",0,"40s",1412,3
"447","2020.4.20",0,"50s",1948,15
"448","2020.4.20",0,"60s",1343,34
"449","2020.4.20",0,"70s",705,69
"450","2020.4.20",0,"80s",482,113
"451","2020.4.21",0,"0s",138,0
"452","2020.4.21",0,"10s",582,0
"453","2020.4.21",0,"20s",2928,0
"454","2020.4.21",0,"30s",1139,2
"455","2020.4.21",0,"40s",1413,3
"456","2020.4.21",0,"50s",1951,15
"457","2020.4.21",0,"60s",1343,34
"458","2020.4.21",0,"70s",706,70
"459","2020.4.21",0,"80s",483,113
"460","2020.4.22",0,"0s",138,0
"461","2020.4.22",0,"10s",583,0
"462","2020.4.22",0,"20s",2931,0
"463","2020.4.22",0,"30s",1140,2
"464","2020.4.22",0,"40s",1417,3
"465","2020.4.22",0,"50s",1951,15
"466","2020.4.22",0,"60s",1344,34
"467","2020.4.22",0,"70s",707,71
"468","2020.4.22",0,"80s",483,113
"469","2020.4.23",0,"0s",138,0
"470","2020.4.23",0,"10s",584,0
"471","2020.4.23",0,"20s",2933,0
"472","2020.4.23",0,"30s",1141,2
"473","2020.4.23",0,"40s",1418,3
"474","2020.4.23",0,"50s",1952,15
"475","2020.4.23",0,"60s",1344,35
"476","2020.4.23",0,"70s",708,71
"477","2020.4.23",0,"80s",484,114
"478","2020.4.24",0,"0s",138,0
"479","2020.4.24",0,"10s",585,0
"480","2020.4.24",0,"20s",2934,0
"481","2020.4.24",0,"30s",1142,2
"482","2020.4.24",0,"40s",1418,3
"483","2020.4.24",0,"50s",1953,15
"484","2020.4.24",0,"60s",1345,35
"485","2020.4.24",0,"70s",708,71
"486","2020.4.24",0,"80s",485,114
"487","2020.4.25",0,"0s",139,0
"488","2020.4.25",0,"10s",586,0
"489","2020.4.25",0,"20s",2937,0
"490","2020.4.25",0,"30s",1143,2
"491","2020.4.25",0,"40s",1420,3
"492","2020.4.25",0,"50s",1953,15
"493","2020.4.25",0,"60s",1347,35
"494","2020.4.25",0,"70s",708,71
"495","2020.4.25",0,"80s",485,114
"496","2020.4.26",0,"0s",140,0
"497","2020.4.26",0,"10s",586,0
"498","2020.4.26",0,"20s",2940,0
"499","2020.4.26",0,"30s",1147,2
"500","2020.4.26",0,"40s",1421,3
"501","2020.4.26",0,"50s",1953,15
"502","2020.4.26",0,"60s",1347,35
"503","2020.4.26",0,"70s",708,72
"504","2020.4.26",0,"80s",485,115
"505","2020.4.27",0,"0s",140,0
"506","2020.4.27",0,"10s",588,0
"507","2020.4.27",0,"20s",2943,0
"508","2020.4.27",0,"30s",1152,2
"509","2020.4.27",0,"40s",1422,3
"510","2020.4.27",0,"50s",1953,15
"511","2020.4.27",0,"60s",1347,35
"512","2020.4.27",0,"70s",708,72
"513","2020.4.27",0,"80s",485,116
"514","2020.4.28",0,"0s",140,0
"515","2020.4.28",0,"10s",590,0
"516","2020.4.28",0,"20s",2948,0
"517","2020.4.28",0,"30s",1154,2
"518","2020.4.28",0,"40s",1423,3
"519","2020.4.28",0,"50s",1955,15
"520","2020.4.28",0,"60s",1348,35
"521","2020.4.28",0,"70s",709,73
"522","2020.4.28",0,"80s",485,116
"523","2020.4.29",0,"0s",140,0
"524","2020.4.29",0,"10s",590,0
"525","2020.4.29",0,"20s",2951,0
"526","2020.4.29",0,"30s",1156,2
"527","2020.4.29",0,"40s",1426,3
"528","2020.4.29",0,"50s",1956,15
"529","2020.4.29",0,"60s",1348,35
"530","2020.4.29",0,"70s",709,73
"531","2020.4.29",0,"80s",485,118
"532","2020.4.30",0,"0s",140,0
"533","2020.4.30",0,"10s",590,0
"534","2020.4.30",0,"20s",2952,0
"535","2020.4.30",0,"30s",1158,2
"536","2020.4.30",0,"40s",1427,3
"537","2020.4.30",0,"50s",1956,15
"538","2020.4.30",0,"60s",1348,35
"539","2020.4.30",0,"70s",709,74
"540","2020.4.30",0,"80s",485,118
"541","2020.5.1",0,"0s",140,0
"542","2020.5.1",0,"10s",590,0
"543","2020.5.1",0,"20s",2957,0
"544","2020.5.1",0,"30s",1159,2
"545","2020.5.1",0,"40s",1429,3
"546","2020.5.1",0,"50s",1956,15
"547","2020.5.1",0,"60s",1348,35
"548","2020.5.1",0,"70s",709,75
"549","2020.5.1",0,"80s",486,118
"550","2020.5.2",0,"0s",140,0
"551","2020.5.2",0,"10s",590,0
"552","2020.5.2",0,"20s",2960,0
"553","2020.5.2",0,"30s",1160,2
"554","2020.5.2",0,"40s",1430,3
"555","2020.5.2",0,"50s",1956,15
"556","2020.5.2",0,"60s",1349,35
"557","2020.5.2",0,"70s",709,75
"558","2020.5.2",0,"80s",486,120
"559","2020.5.3",0,"0s",140,0
"560","2020.5.3",0,"10s",591,0
"561","2020.5.3",0,"20s",2962,0
"562","2020.5.3",0,"30s",1163,2
"563","2020.5.3",0,"40s",1432,3
"564","2020.5.3",0,"50s",1956,15
"565","2020.5.3",0,"60s",1351,35
"566","2020.5.3",0,"70s",710,75
"567","2020.5.3",0,"80s",488,120
"568","2020.5.4",0,"0s",140,0
"569","2020.5.4",0,"10s",591,0
"570","2020.5.4",0,"20s",2964,0
"571","2020.5.4",0,"30s",1164,2
"572","2020.5.4",0,"40s",1435,3
"573","2020.5.4",0,"50s",1956,15
"574","2020.5.4",0,"60s",1353,36
"575","2020.5.4",0,"70s",710,76
"576","2020.5.4",0,"80s",488,120
"577","2020.5.5",0,"0s",140,0
"578","2020.5.5",0,"10s",591,0
"579","2020.5.5",0,"20s",2964,0
"580","2020.5.5",0,"30s",1165,2
"581","2020.5.5",0,"40s",1436,3
"582","2020.5.5",0,"50s",1957,15
"583","2020.5.5",0,"60s",1353,36
"584","2020.5.5",0,"70s",710,76
"585","2020.5.5",0,"80s",488,122
"586","2020.5.6",0,"0s",140,0
"587","2020.5.6",0,"10s",591,0
"588","2020.5.6",0,"20s",2964,0
"589","2020.5.6",0,"30s",1166,2
"590","2020.5.6",0,"40s",1436,3
"591","2020.5.6",0,"50s",1957,15
"592","2020.5.6",0,"60s",1354,36
"593","2020.5.6",0,"70s",710,77
"594","2020.5.6",0,"80s",488,122
"595","2020.5.7",0,"0s",140,0
"596","2020.5.7",0,"10s",592,0
"597","2020.5.7",0,"20s",2966,0
"598","2020.5.7",0,"30s",1167,2
"599","2020.5.7",0,"40s",1436,3
"600","2020.5.7",0,"50s",1957,15
"601","2020.5.7",0,"60s",1354,37
"602","2020.5.7",0,"70s",710,77
"603","2020.5.7",0,"80s",488,122
"604","2020.5.8",0,"0s",141,0
"605","2020.5.8",0,"10s",592,0
"606","2020.5.8",0,"20s",2967,0
"607","2020.5.8",0,"30s",1174,2
"608","2020.5.8",0,"40s",1438,3
"609","2020.5.8",0,"50s",1957,15
"610","2020.5.8",0,"60s",1355,37
"611","2020.5.8",0,"70s",710,77
"612","2020.5.8",0,"80s",488,122
"613","2020.5.9",0,"0s",141,0
"614","2020.5.9",0,"10s",594,0
"615","2020.5.9",0,"20s",2979,0
"616","2020.5.9",0,"30s",1177,2
"617","2020.5.9",0,"40s",1438,3
"618","2020.5.9",0,"50s",1958,15
"619","2020.5.9",0,"60s",1355,37
"620","2020.5.9",0,"70s",710,77
"621","2020.5.9",0,"80s",488,122
"622","2020.5.10",0,"0s",141,0
"623","2020.5.10",0,"10s",597,0
"624","2020.5.10",0,"20s",2998,0
"625","2020.5.10",0,"30s",1180,2
"626","2020.5.10",0,"40s",1442,3
"627","2020.5.10",0,"50s",1960,15
"628","2020.5.10",0,"60s",1357,37
"629","2020.5.10",0,"70s",711,77
"630","2020.5.10",0,"80s",488,122
"631","2020.5.11",0,"0s",141,0
"632","2020.5.11",0,"10s",598,0
"633","2020.5.11",0,"20s",3019,0
"634","2020.5.11",0,"30s",1188,2
"635","2020.5.11",0,"40s",1446,3
"636","2020.5.11",0,"50s",1960,15
"637","2020.5.11",0,"60s",1358,37
"638","2020.5.11",0,"70s",711,77
"639","2020.5.11",0,"80s",488,122
"640","2020.5.12",0,"0s",142,0
"641","2020.5.12",0,"10s",602,0
"642","2020.5.12",0,"20s",3029,0
"643","2020.5.12",0,"30s",1194,2
"644","2020.5.12",0,"40s",1448,3
"645","2020.5.12",0,"50s",1963,15
"646","2020.5.12",0,"60s",1358,37
"647","2020.5.12",0,"70s",711,77
"648","2020.5.12",0,"80s",489,124
"649","2020.5.13",0,"0s",143,0
"650","2020.5.13",0,"10s",603,0
"651","2020.5.13",0,"20s",3042,0
"652","2020.5.13",0,"30s",1199,2
"653","2020.5.13",0,"40s",1450,3
"654","2020.5.13",0,"50s",1964,15
"655","2020.5.13",0,"60s",1359,37
"656","2020.5.13",0,"70s",712,77
"657","2020.5.13",0,"80s",490,125
"658","2020.5.14",0,"0s",143,0
"659","2020.5.14",0,"10s",614,0
"660","2020.5.14",0,"20s",3056,0
"661","2020.5.14",0,"30s",1202,2
"662","2020.5.14",0,"40s",1451,3
"663","2020.5.14",0,"50s",1964,15
"664","2020.5.14",0,"60s",1359,38
"665","2020.5.14",0,"70s",712,77
"666","2020.5.14",0,"80s",490,125
"667","2020.5.15",0,"0s",145,0
"668","2020.5.15",0,"10s",617,0
"669","2020.5.15",0,"20s",3066,0
"670","2020.5.15",0,"30s",1207,2
"671","2020.5.15",0,"40s",1453,3
"672","2020.5.15",0,"50s",1965,15
"673","2020.5.15",0,"60s",1361,38
"674","2020.5.15",0,"70s",714,77
"675","2020.5.15",0,"80s",490,125
"676","2020.5.16",0,"0s",147,0
"677","2020.5.16",0,"10s",619,0
"678","2020.5.16",0,"20s",3074,0
"679","2020.5.16",0,"30s",1209,2
"680","2020.5.16",0,"40s",1454,3
"681","2020.5.16",0,"50s",1966,15
"682","2020.5.16",0,"60s",1364,38
"683","2020.5.16",0,"70s",714,77
"684","2020.5.16",0,"80s",490,127
"685","2020.5.17",0,"0s",147,0
"686","2020.5.17",0,"10s",620,0
"687","2020.5.17",0,"20s",3079,0
"688","2020.5.17",0,"30s",1211,2
"689","2020.5.17",0,"40s",1457,3
"690","2020.5.17",0,"50s",1967,15
"691","2020.5.17",0,"60s",1364,38
"692","2020.5.17",0,"70s",715,77
"693","2020.5.17",0,"80s",490,127
"694","2020.5.18",0,"0s",147,0
"695","2020.5.18",0,"10s",621,0
"696","2020.5.18",0,"20s",3082,0
"697","2020.5.18",0,"30s",1215,2
"698","2020.5.18",0,"40s",1462,3
"699","2020.5.18",0,"50s",1968,15
"700","2020.5.18",0,"60s",1365,38
"701","2020.5.18",0,"70s",715,78
"702","2020.5.18",0,"80s",490,127
"703","2020.5.19",0,"0s",148,0
"704","2020.5.19",0,"10s",621,0
"705","2020.5.19",0,"20s",3087,0
"706","2020.5.19",0,"30s",1215,2
"707","2020.5.19",0,"40s",1462,3
"708","2020.5.19",0,"50s",1971,15
"709","2020.5.19",0,"60s",1368,38
"710","2020.5.19",0,"70s",716,78
"711","2020.5.19",0,"80s",490,127
"712","2020.5.20",0,"0s",148,0
"713","2020.5.20",0,"10s",627,0
"714","2020.5.20",0,"20s",3100,0
"715","2020.5.20",0,"30s",1219,2
"716","2020.5.20",0,"40s",1468,3
"717","2020.5.20",0,"50s",1972,15
"718","2020.5.20",0,"60s",1369,38
"719","2020.5.20",0,"70s",717,78
"720","2020.5.20",0,"80s",490,127
"721","2020.5.21",0,"0s",148,0
"722","2020.5.21",0,"10s",631,0
"723","2020.5.21",0,"20s",3103,0
"724","2020.5.21",0,"30s",1221,2
"725","2020.5.21",0,"40s",1471,3
"726","2020.5.21",0,"50s",1972,15
"727","2020.5.21",0,"60s",1369,38
"728","2020.5.21",0,"70s",717,78
"729","2020.5.21",0,"80s",490,128
"730","2020.5.22",0,"0s",149,0
"731","2020.5.22",0,"10s",633,0
"732","2020.5.22",0,"20s",3111,0
"733","2020.5.22",0,"30s",1225,2
"734","2020.5.22",0,"40s",1473,3
"735","2020.5.22",0,"50s",1974,15
"736","2020.5.22",0,"60s",1369,38
"737","2020.5.22",0,"70s",718,78
"738","2020.5.22",0,"80s",490,128
"739","2020.5.23",0,"0s",149,0
"740","2020.5.23",0,"10s",634,0
"741","2020.5.23",0,"20s",3113,0
"742","2020.5.23",0,"30s",1231,2
"743","2020.5.23",0,"40s",1474,3
"744","2020.5.23",0,"50s",1983,15
"745","2020.5.23",0,"60s",1372,39
"746","2020.5.23",0,"70s",718,78
"747","2020.5.23",0,"80s",491,129
"748","2020.5.24",0,"0s",149,0
"749","2020.5.24",0,"10s",636,0
"750","2020.5.24",0,"20s",3117,0
"751","2020.5.24",0,"30s",1235,2
"752","2020.5.24",0,"40s",1481,3
"753","2020.5.24",0,"50s",1987,15
"754","2020.5.24",0,"60s",1375,39
"755","2020.5.24",0,"70s",719,78
"756","2020.5.24",0,"80s",491,129
"757","2020.5.25",0,"0s",149,0
"758","2020.5.25",0,"10s",637,0
"759","2020.5.25",0,"20s",3120,0
"760","2020.5.25",0,"30s",1238,2
"761","2020.5.25",0,"40s",1483,3
"762","2020.5.25",0,"50s",1992,15
"763","2020.5.25",0,"60s",1377,39
"764","2020.5.25",0,"70s",719,79
"765","2020.5.25",0,"80s",491,129
"766","2020.5.26",0,"0s",150,0
"767","2020.5.26",0,"10s",638,0
"768","2020.5.26",0,"20s",3123,0
"769","2020.5.26",0,"30s",1242,2
"770","2020.5.26",0,"40s",1486,3
"771","2020.5.26",0,"50s",1996,15
"772","2020.5.26",0,"60s",1378,39
"773","2020.5.26",0,"70s",721,79
"774","2020.5.26",0,"80s",491,131
"775","2020.5.27",0,"0s",153,0
"776","2020.5.27",0,"10s",640,0
"777","2020.5.27",0,"20s",3131,0
"778","2020.5.27",0,"30s",1248,2
"779","2020.5.27",0,"40s",1489,3
"780","2020.5.27",0,"50s",2002,15
"781","2020.5.27",0,"60s",1386,39
"782","2020.5.27",0,"70s",724,79
"783","2020.5.27",0,"80s",492,131
"784","2020.5.28",0,"0s",155,0
"785","2020.5.28",0,"10s",644,0
"786","2020.5.28",0,"20s",3146,0
"787","2020.5.28",0,"30s",1274,2
"788","2020.5.28",0,"40s",1503,3
"789","2020.5.28",0,"50s",2014,15
"790","2020.5.28",0,"60s",1392,39
"791","2020.5.28",0,"70s",724,79
"792","2020.5.28",0,"80s",492,131
"793","2020.5.29",0,"0s",156,0
"794","2020.5.29",0,"10s",650,0
"795","2020.5.29",0,"20s",3158,0
"796","2020.5.29",0,"30s",1283,2
"797","2020.5.29",0,"40s",1513,3
"798","2020.5.29",0,"50s",2023,15
"799","2020.5.29",0,"60s",1400,39
"800","2020.5.29",0,"70s",724,79
"801","2020.5.29",0,"80s",495,131
"802","2020.5.30",0,"0s",157,0
"803","2020.5.30",0,"10s",655,0
"804","2020.5.30",0,"20s",3167,0
"805","2020.5.30",0,"30s",1285,2
"806","2020.5.30",0,"40s",1517,3
"807","2020.5.30",0,"50s",2033,15
"808","2020.5.30",0,"60s",1404,39
"809","2020.5.30",0,"70s",725,79
"810","2020.5.30",0,"80s",498,131
"811","2020.5.31",0,"0s",157,0
"812","2020.5.31",0,"10s",655,0
"813","2020.5.31",0,"20s",3176,0
"814","2020.5.31",0,"30s",1292,2
"815","2020.5.31",0,"40s",1521,3
"816","2020.5.31",0,"50s",2039,15
"817","2020.5.31",0,"60s",1405,39
"818","2020.5.31",0,"70s",725,80
"819","2020.5.31",0,"80s",498,131
"820","2020.6.1",0,"0s",158,0
"821","2020.6.1",0,"10s",657,0
"822","2020.6.1",0,"20s",3178,0
"823","2020.6.1",0,"30s",1296,2
"824","2020.6.1",0,"40s",1527,3
"825","2020.6.1",0,"50s",2052,15
"826","2020.6.1",0,"60s",1410,39
"827","2020.6.1",0,"70s",727,80
"828","2020.6.1",0,"80s",498,132
"829","2020.6.2",0,"0s",158,0
"830","2020.6.2",0,"10s",659,0
"831","2020.6.2",0,"20s",3183,0
"832","2020.6.2",0,"30s",1299,2
"833","2020.6.2",0,"40s",1529,3
"834","2020.6.2",0,"50s",2061,15
"835","2020.6.2",0,"60s",1421,39
"836","2020.6.2",0,"70s",732,80
"837","2020.6.2",0,"80s",499,133
"838","2020.6.3",0,"0s",159,0
"839","2020.6.3",0,"10s",661,0
"840","2020.6.3",0,"20s",3188,0
"841","2020.6.3",0,"30s",1305,2
"842","2020.6.3",0,"40s",1534,3
"843","2020.6.3",0,"50s",2070,15
"844","2020.6.3",0,"60s",1436,39
"845","2020.6.3",0,"70s",738,81
"846","2020.6.3",0,"80s",499,133
"847","2020.6.4",0,"0s",160,0
"848","2020.6.4",0,"10s",661,0
"849","2020.6.4",0,"20s",3193,0
"850","2020.6.4",0,"30s",1308,2
"851","2020.6.4",0,"40s",1537,3
"852","2020.6.4",0,"50s",2079,15
"853","2020.6.4",0,"60s",1445,39
"854","2020.6.4",0,"70s",744,81
"855","2020.6.4",0,"80s",502,133
"856","2020.6.5",0,"0s",161,0
"857","2020.6.5",0,"10s",663,0
"858","2020.6.5",0,"20s",3198,0
"859","2020.6.5",0,"30s",1310,2
"860","2020.6.5",0,"40s",1540,3
"861","2020.6.5",0,"50s",2086,15
"862","2020.6.5",0,"60s",1455,39
"863","2020.6.5",0,"70s",751,81
"864","2020.6.5",0,"80s",504,133
"865","2020.6.6",0,"0s",164,0
"866","2020.6.6",0,"10s",664,0
"867","2020.6.6",0,"20s",3200,0
"868","2020.6.6",0,"30s",1316,2
"869","2020.6.6",0,"40s",1551,3
"870","2020.6.6",0,"50s",2094,15
"871","2020.6.6",0,"60s",1464,39
"872","2020.6.6",0,"70s",759,81
"873","2020.6.6",0,"80s",507,133
"874","2020.6.7",0,"0s",165,0
"875","2020.6.7",0,"10s",670,0
"876","2020.6.7",0,"20s",3203,0
"877","2020.6.7",0,"30s",1322,2
"878","2020.6.7",0,"40s",1559,3
"879","2020.6.7",0,"50s",2105,15
"880","2020.6.7",0,"60s",1476,39
"881","2020.6.7",0,"70s",767,81
"882","2020.6.7",0,"80s",509,133
"883","2020.6.8",0,"0s",166,0
"884","2020.6.8",0,"10s",672,0
"885","2020.6.8",0,"20s",3208,0
"886","2020.6.8",0,"30s",1324,2
"887","2020.6.8",0,"40s",1564,3
"888","2020.6.8",0,"50s",2111,15
"889","2020.6.8",0,"60s",1487,39
"890","2020.6.8",0,"70s",770,81
"891","2020.6.8",0,"80s",512,133
"892","2020.6.9",0,"0s",166,0
"893","2020.6.9",0,"10s",672,0
"894","2020.6.9",0,"20s",3211,0
"895","2020.6.9",0,"30s",1326,2
"896","2020.6.9",0,"40s",1568,3
"897","2020.6.9",0,"50s",2121,15
"898","2020.6.9",0,"60s",1496,39
"899","2020.6.9",0,"70s",775,81
"900","2020.6.9",0,"80s",517,134
"901","2020.6.10",0,"0s",167,0
"902","2020.6.10",0,"10s",674,0
"903","2020.6.10",0,"20s",3217,0
"904","2020.6.10",0,"30s",1335,2
"905","2020.6.10",0,"40s",1569,3
"906","2020.6.10",0,"50s",2128,15
"907","2020.6.10",0,"60s",1512,39
"908","2020.6.10",0,"70s",782,81
"909","2020.6.10",0,"80s",518,136
"910","2020.6.11",0,"0s",168,0
"911","2020.6.11",0,"10s",677,0
"912","2020.6.11",0,"20s",3223,0
"913","2020.6.11",0,"30s",1345,2
"914","2020.6.11",0,"40s",1574,3
"915","2020.6.11",0,"50s",2137,15
"916","2020.6.11",0,"60s",1517,39
"917","2020.6.11",0,"70s",787,81
"918","2020.6.11",0,"80s",519,136
"919","2020.6.12",0,"0s",168,0
"920","2020.6.12",0,"10s",680,0
"921","2020.6.12",0,"20s",3234,0
"922","2020.6.12",0,"30s",1353,2
"923","2020.6.12",0,"40s",1575,3
"924","2020.6.12",0,"50s",2154,15
"925","2020.6.12",0,"60s",1530,40
"926","2020.6.12",0,"70s",789,81
"927","2020.6.12",0,"80s",520,136
"928","2020.6.13",0,"0s",168,0
"929","2020.6.13",0,"10s",681,0
"930","2020.6.13",0,"20s",3243,0
"931","2020.6.13",0,"30s",1354,2
"932","2020.6.13",0,"40s",1578,3
"933","2020.6.13",0,"50s",2163,15
"934","2020.6.13",0,"60s",1538,40
"935","2020.6.13",0,"70s",796,81
"936","2020.6.13",0,"80s",530,136
"937","2020.6.14",0,"0s",168,0
"938","2020.6.14",0,"10s",681,0
"939","2020.6.14",0,"20s",3251,0
"940","2020.6.14",0,"30s",1357,2
"941","2020.6.14",0,"40s",1584,3
"942","2020.6.14",0,"50s",2170,15
"943","2020.6.14",0,"60s",1546,40
"944","2020.6.14",0,"70s",797,81
"945","2020.6.14",0,"80s",531,136
"946","2020.6.15",0,"0s",170,0
"947","2020.6.15",0,"10s",681,0
"948","2020.6.15",0,"20s",3256,0
"949","2020.6.15",0,"30s",1362,2
"950","2020.6.15",0,"40s",1595,3
"951","2020.6.15",0,"50s",2176,15
"952","2020.6.15",0,"60s",1550,40
"953","2020.6.15",0,"70s",799,81
"954","2020.6.15",0,"80s",532,136
"955","2020.6.16",0,"0s",172,0
"956","2020.6.16",0,"10s",682,0
"957","2020.6.16",0,"20s",3259,0
"958","2020.6.16",0,"30s",1366,2
"959","2020.6.16",0,"40s",1599,3
"960","2020.6.16",0,"50s",2182,15
"961","2020.6.16",0,"60s",1558,40
"962","2020.6.16",0,"70s",805,81
"963","2020.6.16",0,"80s",532,137
"964","2020.6.17",0,"0s",174,0
"965","2020.6.17",0,"10s",683,0
"966","2020.6.17",0,"20s",3267,0
"967","2020.6.17",0,"30s",1380,2
"968","2020.6.17",0,"40s",1601,3
"969","2020.6.17",0,"50s",2189,15
"970","2020.6.17",0,"60s",1561,40
"971","2020.6.17",0,"70s",810,81
"972","2020.6.17",0,"80s",533,138
"973","2020.6.18",0,"0s",175,0
"974","2020.6.18",0,"10s",684,0
"975","2020.6.18",0,"20s",3277,0
"976","2020.6.18",0,"30s",1384,2
"977","2020.6.18",0,"40s",1607,3
"978","2020.6.18",0,"50s",2198,15
"979","2020.6.18",0,"60s",1574,40
"980","2020.6.18",0,"70s",817,81
"981","2020.6.18",0,"80s",541,139
"982","2020.6.19",0,"0s",175,0
"983","2020.6.19",0,"10s",686,0
"984","2020.6.19",0,"20s",3285,0
"985","2020.6.19",0,"30s",1393,2
"986","2020.6.19",0,"40s",1610,3
"987","2020.6.19",0,"50s",2210,15
"988","2020.6.19",0,"60s",1585,40
"989","2020.6.19",0,"70s",820,81
"990","2020.6.19",0,"80s",542,139
"991","2020.6.20",0,"0s",177,0
"992","2020.6.20",0,"10s",690,0
"993","2020.6.20",0,"20s",3294,0
"994","2020.6.20",0,"30s",1406,2
"995","2020.6.20",0,"40s",1618,3
"996","2020.6.20",0,"50s",2222,15
"997","2020.6.20",0,"60s",1598,40
"998","2020.6.20",0,"70s",823,81
"999","2020.6.20",0,"80s",545,139
"1000","2020.6.21",0,"0s",177,0
"1001","2020.6.21",0,"10s",691,0
"1002","2020.6.21",0,"20s",3299,0
"1003","2020.6.21",0,"30s",1416,2
"1004","2020.6.21",0,"40s",1623,3
"1005","2020.6.21",0,"50s",2230,15
"1006","2020.6.21",0,"60s",1608,40
"1007","2020.6.21",0,"70s",829,81
"1008","2020.6.21",0,"80s",548,139
"1009","2020.6.22",0,"0s",177,0
"1010","2020.6.22",0,"10s",692,0
"1011","2020.6.22",0,"20s",3302,0
"1012","2020.6.22",0,"30s",1420,2
"1013","2020.6.22",0,"40s",1624,3
"1014","2020.6.22",0,"50s",2235,15
"1015","2020.6.22",0,"60s",1610,40
"1016","2020.6.22",0,"70s",830,81
"1017","2020.6.22",0,"80s",548,139
"1018","2020.6.23",0,"0s",180,0
"1019","2020.6.23",0,"10s",692,0
"1020","2020.6.23",0,"20s",3306,0
"1021","2020.6.23",0,"30s",1429,2
"1022","2020.6.23",0,"40s",1633,3
"1023","2020.6.23",0,"50s",2244,15
"1024","2020.6.23",0,"60s",1617,41
"1025","2020.6.23",0,"70s",834,81
"1026","2020.6.23",0,"80s",549,139
"1027","2020.6.24",0,"0s",182,0
"1028","2020.6.24",0,"10s",693,0
"1029","2020.6.24",0,"20s",3309,0
"1030","2020.6.24",0,"30s",1444,2
"1031","2020.6.24",0,"40s",1644,3
"1032","2020.6.24",0,"50s",2254,15
"1033","2020.6.24",0,"60s",1622,41
"1034","2020.6.24",0,"70s",836,81
"1035","2020.6.24",0,"80s",551,139
"1036","2020.6.25",0,"0s",183,0
"1037","2020.6.25",0,"10s",696,0
"1038","2020.6.25",0,"20s",3309,0
"1039","2020.6.25",0,"30s",1453,2
"1040","2020.6.25",0,"40s",1646,3
"1041","2020.6.25",0,"50s",2260,15
"1042","2020.6.25",0,"60s",1627,41
"1043","2020.6.25",0,"70s",838,82
"1044","2020.6.25",0,"80s",551,139
"1045","2020.6.26",0,"0s",184,0
"1046","2020.6.26",0,"10s",698,0
"1047","2020.6.26",0,"20s",3317,0
"1048","2020.6.26",0,"30s",1463,2
"1049","2020.6.26",0,"40s",1651,3
"1050","2020.6.26",0,"50s",2264,15
"1051","2020.6.26",0,"60s",1633,41
"1052","2020.6.26",0,"70s",839,82
"1053","2020.6.26",0,"80s",553,139
"1054","2020.6.27",0,"0s",185,0
"1055","2020.6.27",0,"10s",700,0
"1056","2020.6.27",0,"20s",3331,0
"1057","2020.6.27",0,"30s",1473,2
"1058","2020.6.27",0,"40s",1657,3
"1059","2020.6.27",0,"50s",2269,15
"1060","2020.6.27",0,"60s",1640,41
"1061","2020.6.27",0,"70s",843,82
"1062","2020.6.27",0,"80s",555,139
"1063","2020.6.28",0,"0s",187,0
"1064","2020.6.28",0,"10s",703,0
"1065","2020.6.28",0,"20s",3343,0
"1066","2020.6.28",0,"30s",1485,2
"1067","2020.6.28",0,"40s",1667,3
"1068","2020.6.28",0,"50s",2275,15
"1069","2020.6.28",0,"60s",1653,41
"1070","2020.6.28",0,"70s",846,82
"1071","2020.6.28",0,"80s",556,139
"1072","2020.6.29",0,"0s",190,0
"1073","2020.6.29",0,"10s",704,0
"1074","2020.6.29",0,"20s",3352,0
"1075","2020.6.29",0,"30s",1490,2
"1076","2020.6.29",0,"40s",1673,3
"1077","2020.6.29",0,"50s",2280,15
"1078","2020.6.29",0,"60s",1665,41
"1079","2020.6.29",0,"70s",847,82
"1080","2020.6.29",0,"80s",556,139
"1081","2020.6.30",0,"0s",193,0
"1082","2020.6.30",0,"10s",708,0
"1083","2020.6.30",0,"20s",3362,0
"1084","2020.6.30",0,"30s",1496,2
"1085","2020.6.30",0,"40s",1681,3
"1086","2020.6.30",0,"50s",2286,15
"1087","2020.6.30",0,"60s",1668,41
"1088","2020.6.30",0,"70s",850,82
"1089","2020.6.30",0,"80s",556,139
