"","Anhui","Beijing","Chongqing","Fujian","Gansu","Guangdong","Guangxi","Guizhou","Hainan","Hebei","Heilongjiang","Henan","Hong Kong","Hubei","Hunan","Inner Mongolia","Jiangsu","Jiangxi","Jilin","Liaoning","Macau","Ningxia","Qinghai","Shaanxi","Shandong","Shanghai","Shanxi","Sichuan","Tianjin","Tibet","Xinjiang","Yunnan","Zhejiang"
"2020-01-22",0,0,0,0,0,0,0,0,0,0,0,0,0,17,0,0,0,0,0,0,0,0,0,0,0,0,0,0,0,0,0,0,0
"2020-01-23",0,0,0,0,0,0,0,0,0,1,0,0,0,17,0,0,0,0,0,0,0,0,0,0,0,0,0,0,0,0,0,0,0
"2020-01-24",0,0,0,0,0,0,0,0,0,1,1,0,0,24,0,0,0,0,0,0,0,0,0,0,0,0,0,0,0,0,0,0,0
"2020-01-25",0,0,0,0,0,0,0,0,0,1,1,0,0,40,0,0,0,0,0,0,0,0,0,0,0,0,0,0,0,0,0,0,0
"2020-01-26",0,0,0,0,0,0,0,0,0,1,1,1,0,52,0,0,0,0,0,0,0,0,0,0,0,1,0,0,0,0,0,0,0
"2020-01-27",0,1,0,0,0,0,0,0,1,1,1,1,0,76,0,0,0,0,0,0,0,0,0,0,0,1,0,0,0,0,0,0,0
"2020-01-28",0,1,0,0,0,0,0,0,1,1,1,1,0,125,0,0,0,0,0,0,0,0,0,0,0,1,0,0,0,0,0,0,0
"2020-01-29",0,1,0,0,0,0,0,0,1,1,1,2,0,125,0,0,0,0,0,0,0,0,0,0,0,1,0,1,0,0,0,0,0
"2020-01-30",0,1,0,0,0,0,0,0,1,1,2,2,0,162,0,0,0,0,0,0,0,0,0,0,0,1,0,1,0,0,0,0,0
"2020-01-31",0,1,0,0,0,0,0,0,1,1,2,2,0,204,0,0,0,0,0,0,0,0,0,0,0,1,0,1,0,0,0,0,0
"2020-02-01",0,1,1,0,0,0,0,0,1,1,2,2,0,249,0,0,0,0,0,0,0,0,0,0,0,1,0,1,0,0,0,0,0
"2020-02-02",0,1,2,0,0,0,0,0,1,1,2,2,0,350,0,0,0,0,0,0,0,0,0,0,0,1,0,1,0,0,0,0,0
"2020-02-03",0,1,2,0,0,0,0,0,1,1,2,2,0,414,0,0,0,0,0,0,0,0,0,0,0,1,0,1,0,0,0,0,0
"2020-02-04",0,1,2,0,0,0,0,0,1,1,2,2,1,479,0,0,0,0,0,0,0,0,0,0,0,1,0,1,0,0,0,0,0
"2020-02-05",0,1,2,0,0,0,0,1,1,1,2,2,1,549,0,0,0,0,0,0,0,0,0,0,0,1,0,1,1,0,0,0,0
"2020-02-06",0,1,2,0,0,0,0,1,1,1,3,2,1,618,0,0,0,0,0,0,0,0,0,0,0,1,0,1,1,0,0,0,0
"2020-02-07",0,1,2,0,0,1,0,1,2,1,3,3,1,699,0,0,0,0,1,0,0,0,0,0,0,1,0,1,1,0,0,0,0
"2020-02-08",0,2,2,0,1,1,0,1,2,1,5,4,1,780,1,0,0,0,1,0,0,0,0,0,0,1,0,1,1,0,0,0,0
"2020-02-09",1,2,2,0,2,1,1,1,3,2,6,6,1,871,1,0,0,0,1,0,0,0,0,0,1,1,0,1,1,0,0,0,0
"2020-02-10",3,2,2,0,2,1,1,1,3,2,7,6,1,974,1,0,0,1,1,0,0,0,0,0,1,1,0,1,1,0,0,0,0
"2020-02-11",4,3,3,0,2,1,1,1,3,2,8,7,1,1068,1,0,0,1,1,0,0,0,0,0,1,1,0,1,2,0,0,0,0
"2020-02-12",4,3,3,0,2,1,1,1,4,2,8,8,1,1068,2,0,0,1,1,1,0,0,0,0,2,1,0,1,2,0,0,0,0
"2020-02-13",5,3,4,0,2,2,2,1,4,3,9,10,1,1310,2,0,0,1,1,1,0,0,0,0,2,1,0,1,3,0,1,0,0
"2020-02-14",6,3,5,0,2,2,2,1,4,3,11,11,1,1457,2,0,0,1,1,1,0,0,0,0,2,1,0,1,3,0,1,0,0
"2020-02-15",6,4,5,0,2,2,2,1,4,3,11,13,1,1596,2,0,0,1,1,1,0,0,0,0,2,1,0,1,3,0,1,0,0
"2020-02-16",6,4,5,0,2,2,2,1,4,3,11,13,1,1696,3,0,0,1,1,1,0,0,0,0,2,1,0,3,3,0,1,0,0
"2020-02-17",6,4,5,0,2,4,2,1,4,3,11,16,1,1789,3,0,0,1,1,1,0,0,0,0,2,1,0,3,3,0,1,0,0
"2020-02-18",6,4,5,0,2,4,2,2,4,4,11,19,1,1921,4,0,0,1,1,1,0,0,0,0,3,1,0,3,3,0,1,0,0
"2020-02-19",6,4,5,0,2,5,2,2,4,4,12,19,2,2029,4,0,0,1,1,1,0,0,0,0,3,2,0,3,3,0,1,1,0
"2020-02-20",6,4,6,1,2,5,2,2,4,5,12,19,2,2144,4,0,0,1,1,1,0,0,0,1,4,2,0,3,3,0,1,2,1
"2020-02-21",6,4,6,1,2,5,2,2,4,5,12,19,2,2144,4,0,0,1,1,1,0,0,0,1,4,2,0,3,3,0,1,2,1
"2020-02-22",6,4,6,1,2,5,2,2,4,6,12,19,2,2346,4,0,0,1,1,1,0,0,0,1,4,3,0,3,3,0,2,2,1
"2020-02-23",6,4,6,1,2,6,2,2,5,6,12,19,2,2346,4,0,0,1,1,1,0,0,0,1,4,3,0,3,3,0,2,2,1
"2020-02-24",6,4,6,1,2,6,2,2,5,6,12,19,2,2495,4,0,0,1,1,1,0,0,0,1,5,3,0,3,3,0,2,2,1
"2020-02-25",6,4,6,1,2,7,2,2,5,6,12,19,2,2563,4,0,0,1,1,1,0,0,0,1,6,3,0,3,3,0,2,2,1
"2020-02-26",6,4,6,1,2,7,2,2,5,6,12,19,2,2615,4,0,0,1,1,1,0,0,0,1,6,3,0,3,3,0,2,2,1
"2020-02-27",6,5,6,1,2,7,2,2,5,6,13,20,2,2641,4,0,0,1,1,1,0,0,0,1,6,3,0,3,3,0,2,2,1
"2020-02-28",6,7,6,1,2,7,2,2,5,6,13,20,2,2682,4,0,0,1,1,1,0,0,0,1,6,3,0,3,3,0,3,2,1
"2020-02-29",6,8,6,1,2,7,2,2,5,6,13,21,2,2727,4,0,0,1,1,1,0,0,0,1,6,3,0,3,3,0,3,2,1
"2020-03-01",6,8,6,1,2,7,2,2,5,6,13,22,2,2761,4,0,0,1,1,1,0,0,0,1,6,3,0,3,3,0,3,2,1
"2020-03-02",6,8,6,1,2,7,2,2,5,6,13,22,2,2803,4,0,0,1,1,1,0,0,0,1,6,3,0,3,3,0,3,2,1
"2020-03-03",6,8,6,1,2,7,2,2,5,6,13,22,2,2835,4,1,0,1,1,1,0,0,0,1,6,3,0,3,3,0,3,2,1
"2020-03-04",6,8,6,1,2,7,2,2,5,6,13,22,2,2871,4,1,0,1,1,1,0,0,0,1,6,3,0,3,3,0,3,2,1
"2020-03-05",6,8,6,1,2,7,2,2,6,6,13,22,2,2902,4,1,0,1,1,1,0,0,0,1,6,3,0,3,3,0,3,2,1
"2020-03-06",6,8,6,1,2,7,2,2,6,6,13,22,2,2931,4,1,0,1,1,1,0,0,0,1,6,3,0,3,3,0,3,2,1
"2020-03-07",6,8,6,1,2,7,2,2,6,6,13,22,2,2959,4,1,0,1,1,1,0,0,0,1,6,3,0,3,3,0,3,2,1
"2020-03-08",6,8,6,1,2,7,2,2,6,6,13,22,3,2986,4,1,0,1,1,1,0,0,0,1,6,3,0,3,3,0,3,2,1
"2020-03-09",6,8,6,1,2,8,2,2,6,6,13,22,3,3008,4,1,0,1,1,1,0,0,0,1,6,3,0,3,3,0,3,2,1
"2020-03-10",6,8,6,1,2,8,2,2,6,6,13,22,3,3024,4,1,0,1,1,1,0,0,0,1,6,3,0,3,3,0,3,2,1
"2020-03-11",6,8,6,1,2,8,2,2,6,6,13,22,3,3046,4,1,0,1,1,1,0,0,0,1,6,3,0,3,3,0,3,2,1
"2020-03-12",6,8,6,1,2,8,2,2,6,6,13,22,3,3056,4,1,0,1,1,1,0,0,0,2,6,3,0,3,3,0,3,2,1
"2020-03-13",6,8,6,1,2,8,2,2,6,6,13,22,4,3062,4,1,0,1,1,1,0,0,0,2,7,3,0,3,3,0,3,2,1
"2020-03-14",6,8,6,1,2,8,2,2,6,6,13,22,4,3075,4,1,0,1,1,1,0,0,0,2,7,3,0,3,3,0,3,2,1
"2020-03-15",6,8,6,1,2,8,2,2,6,6,13,22,4,3085,4,1,0,1,1,1,0,0,0,2,7,3,0,3,3,0,3,2,1
"2020-03-16",6,8,6,1,2,8,2,2,6,6,13,22,4,3099,4,1,0,1,1,1,0,0,0,2,7,3,0,3,3,0,3,2,1
"2020-03-17",6,8,6,1,2,8,2,2,6,6,13,22,4,3111,4,1,0,1,1,1,0,0,0,3,7,3,0,3,3,0,3,2,1
"2020-03-18",6,8,6,1,2,8,2,2,6,6,13,22,4,3122,4,1,0,1,1,1,0,0,0,3,7,3,0,3,3,0,3,2,1
"2020-03-19",6,8,6,1,2,8,2,2,6,6,13,22,4,3130,4,1,0,1,1,1,0,0,0,3,7,3,0,3,3,0,3,2,1
"2020-03-20",6,8,6,1,2,8,2,2,6,6,13,22,4,3133,4,1,0,1,1,2,0,0,0,3,7,3,0,3,3,0,3,2,1
"2020-03-21",6,8,6,1,2,8,2,2,6,6,13,22,4,3139,4,1,0,1,1,2,0,0,0,3,7,3,0,3,3,0,3,2,1
"2020-03-22",6,8,6,1,2,8,2,2,6,6,13,22,4,3153,4,1,0,1,1,2,0,0,0,3,7,4,0,3,3,0,3,2,1
"2020-03-23",6,8,6,1,2,8,2,2,6,6,13,22,4,3153,4,1,0,1,1,2,0,0,0,3,7,4,0,3,3,0,3,2,1
"2020-03-24",6,8,6,1,2,8,2,2,6,6,13,22,4,3160,4,1,0,1,1,2,0,0,0,3,7,4,0,3,3,0,3,2,1
"2020-03-25",6,8,6,1,2,8,2,2,6,6,13,22,4,3163,4,1,0,1,1,2,0,0,0,3,7,5,0,3,3,0,3,2,1
"2020-03-26",6,8,6,1,2,8,2,2,6,6,13,22,4,3169,4,1,0,1,1,2,0,0,0,3,7,5,0,3,3,0,3,2,1
"2020-03-27",6,8,6,1,2,8,2,2,6,6,13,22,4,3174,4,1,0,1,1,2,0,0,0,3,7,5,0,3,3,0,3,2,1
"2020-03-28",6,8,6,1,2,8,2,2,6,6,13,22,4,3177,4,1,0,1,1,2,0,0,0,3,7,5,0,3,3,0,3,2,1
"2020-03-29",6,8,6,1,2,8,2,2,6,6,13,22,4,3182,4,1,0,1,1,2,0,0,0,3,7,5,0,3,3,0,3,2,1
"2020-03-30",6,8,6,1,2,8,2,2,6,6,13,22,4,3186,4,1,0,1,1,2,0,0,0,3,7,5,0,3,3,0,3,2,1
"2020-03-31",6,8,6,1,2,8,2,2,6,6,13,22,4,3187,4,1,0,1,1,2,0,0,0,3,7,5,0,3,3,0,3,2,1
"2020-04-01",6,8,6,1,2,8,2,2,6,6,13,22,4,3193,4,1,0,1,1,2,0,0,0,3,7,6,0,3,3,0,3,2,1
"2020-04-02",6,8,6,1,2,8,2,2,6,6,13,22,4,3199,4,1,0,1,1,2,0,0,0,3,7,6,0,3,3,0,3,2,1
"2020-04-03",6,8,6,1,2,8,2,2,6,6,13,22,4,3203,4,1,0,1,1,2,0,0,0,3,7,6,0,3,3,0,3,2,1
"2020-04-04",6,8,6,1,2,8,2,2,6,6,13,22,4,3207,4,1,0,1,1,2,0,0,0,3,7,6,0,3,3,0,3,2,1
"2020-04-05",6,8,6,1,2,8,2,2,6,6,13,22,4,3210,4,1,0,1,1,2,0,0,0,3,7,6,0,3,3,0,3,2,1
"2020-04-06",6,8,6,1,2,8,2,2,6,6,13,22,4,3212,4,1,0,1,1,2,0,0,0,3,7,6,0,3,3,0,3,2,1
"2020-04-07",6,8,6,1,2,8,2,2,6,6,13,22,4,3212,4,1,0,1,1,2,0,0,0,3,7,6,0,3,3,0,3,2,1
"2020-04-08",6,8,6,1,2,8,2,2,6,6,13,22,4,3213,4,1,0,1,1,2,0,0,0,3,7,7,0,3,3,0,3,2,1
"2020-04-09",6,8,6,1,2,8,2,2,6,6,13,22,4,3215,4,1,0,1,1,2,0,0,0,3,7,7,0,3,3,0,3,2,1
"2020-04-10",6,8,6,1,2,8,2,2,6,6,13,22,4,3216,4,1,0,1,1,2,0,0,0,3,7,7,0,3,3,0,3,2,1
"2020-04-11",6,8,6,1,2,8,2,2,6,6,13,22,4,3219,4,1,0,1,1,2,0,0,0,3,7,7,0,3,3,0,3,2,1
"2020-04-12",6,8,6,1,2,8,2,2,6,6,13,22,4,3219,4,1,0,1,1,2,0,0,0,3,7,7,0,3,3,0,3,2,1
"2020-04-13",6,8,6,1,2,8,2,2,6,6,13,22,4,3221,4,1,0,1,1,2,0,0,0,3,7,7,0,3,3,0,3,2,1
"2020-04-14",6,8,6,1,2,8,2,2,6,6,13,22,4,3221,4,1,0,1,1,2,0,0,0,3,7,7,0,3,3,0,3,2,1
"2020-04-15",6,8,6,1,2,8,2,2,6,6,13,22,4,3222,4,1,0,1,1,2,0,0,0,3,7,7,0,3,3,0,3,2,1
"2020-04-16",6,8,6,1,2,8,2,2,6,6,13,22,4,3222,4,1,0,1,1,2,0,0,0,3,7,7,0,3,3,0,3,2,1
"2020-04-17",6,8,6,1,2,8,2,2,6,6,13,22,4,4512,4,1,0,1,1,2,0,0,0,3,7,7,0,3,3,0,3,2,1
"2020-04-18",6,8,6,1,2,8,2,2,6,6,13,22,4,4512,4,1,0,1,1,2,0,0,0,3,7,7,0,3,3,0,3,2,1
"2020-04-19",6,8,6,1,2,8,2,2,6,6,13,22,4,4512,4,1,0,1,1,2,0,0,0,3,7,7,0,3,3,0,3,2,1
"2020-04-20",6,8,6,1,2,8,2,2,6,6,13,22,4,4512,4,1,0,1,1,2,0,0,0,3,7,7,0,3,3,0,3,2,1
"2020-04-21",6,8,6,1,2,8,2,2,6,6,13,22,4,4512,4,1,0,1,1,2,0,0,0,3,7,7,0,3,3,0,3,2,1
"2020-04-22",6,8,6,1,2,8,2,2,6,6,13,22,4,4512,4,1,0,1,1,2,0,0,0,3,7,7,0,3,3,0,3,2,1
"2020-04-23",6,8,6,1,2,8,2,2,6,6,13,22,4,4512,4,1,0,1,1,2,0,0,0,3,7,7,0,3,3,0,3,2,1
"2020-04-24",6,8,6,1,2,8,2,2,6,6,13,22,4,4512,4,1,0,1,1,2,0,0,0,3,7,7,0,3,3,0,3,2,1
"2020-04-25",6,8,6,1,2,8,2,2,6,6,13,22,4,4512,4,1,0,1,1,2,0,0,0,3,7,7,0,3,3,0,3,2,1
"2020-04-26",6,9,6,1,2,8,2,2,6,6,13,22,4,4512,4,1,0,1,1,2,0,0,0,3,7,7,0,3,3,0,3,2,1
"2020-04-27",6,9,6,1,2,8,2,2,6,6,13,22,4,4512,4,1,0,1,1,2,0,0,0,3,7,7,0,3,3,0,3,2,1
"2020-04-28",6,9,6,1,2,8,2,2,6,6,13,22,4,4512,4,1,0,1,1,2,0,0,0,3,7,7,0,3,3,0,3,2,1
"2020-04-29",6,9,6,1,2,8,2,2,6,6,13,22,4,4512,4,1,0,1,1,2,0,0,0,3,7,7,0,3,3,0,3,2,1
"2020-04-30",6,9,6,1,2,8,2,2,6,6,13,22,4,4512,4,1,0,1,1,2,0,0,0,3,7,7,0,3,3,0,3,2,1
"2020-05-01",6,9,6,1,2,8,2,2,6,6,13,22,4,4512,4,1,0,1,1,2,0,0,0,3,7,7,0,3,3,0,3,2,1
"2020-05-02",6,9,6,1,2,8,2,2,6,6,13,22,4,4512,4,1,0,1,1,2,0,0,0,3,7,7,0,3,3,0,3,2,1
"2020-05-03",6,9,6,1,2,8,2,2,6,6,13,22,4,4512,4,1,0,1,1,2,0,0,0,3,7,7,0,3,3,0,3,2,1
"2020-05-04",6,9,6,1,2,8,2,2,6,6,13,22,4,4512,4,1,0,1,1,2,0,0,0,3,7,7,0,3,3,0,3,2,1
"2020-05-05",6,9,6,1,2,8,2,2,6,6,13,22,4,4512,4,1,0,1,1,2,0,0,0,3,7,7,0,3,3,0,3,2,1
"2020-05-06",6,9,6,1,2,8,2,2,6,6,13,22,4,4512,4,1,0,1,1,2,0,0,0,3,7,7,0,3,3,0,3,2,1
"2020-05-07",6,9,6,1,2,8,2,2,6,6,13,22,4,4512,4,1,0,1,1,2,0,0,0,3,7,7,0,3,3,0,3,2,1
"2020-05-08",6,9,6,1,2,8,2,2,6,6,13,22,4,4512,4,1,0,1,1,2,0,0,0,3,7,7,0,3,3,0,3,2,1
"2020-05-09",6,9,6,1,2,8,2,2,6,6,13,22,4,4512,4,1,0,1,1,2,0,0,0,3,7,7,0,3,3,0,3,2,1
"2020-05-10",6,9,6,1,2,8,2,2,6,6,13,22,4,4512,4,1,0,1,1,2,0,0,0,3,7,7,0,3,3,0,3,2,1
"2020-05-11",6,9,6,1,2,8,2,2,6,6,13,22,4,4512,4,1,0,1,1,2,0,0,0,3,7,7,0,3,3,0,3,2,1
"2020-05-12",6,9,6,1,2,8,2,2,6,6,13,22,4,4512,4,1,0,1,1,2,0,0,0,3,7,7,0,3,3,0,3,2,1
"2020-05-13",6,9,6,1,2,8,2,2,6,6,13,22,4,4512,4,1,0,1,1,2,0,0,0,3,7,7,0,3,3,0,3,2,1
"2020-05-14",6,9,6,1,2,8,2,2,6,6,13,22,4,4512,4,1,0,1,1,2,0,0,0,3,7,7,0,3,3,0,3,2,1
"2020-05-15",6,9,6,1,2,8,2,2,6,6,13,22,4,4512,4,1,0,1,1,2,0,0,0,3,7,7,0,3,3,0,3,2,1
"2020-05-16",6,9,6,1,2,8,2,2,6,6,13,22,4,4512,4,1,0,1,2,2,0,0,0,3,7,7,0,3,3,0,3,2,1
"2020-05-17",6,9,6,1,2,8,2,2,6,6,13,22,4,4512,4,1,0,1,2,2,0,0,0,3,7,7,0,3,3,0,3,2,1
"2020-05-18",6,9,6,1,2,8,2,2,6,6,13,22,4,4512,4,1,0,1,2,2,0,0,0,3,7,7,0,3,3,0,3,2,1
"2020-05-19",6,9,6,1,2,8,2,2,6,6,13,22,4,4512,4,1,0,1,2,2,0,0,0,3,7,7,0,3,3,0,3,2,1
"2020-05-20",6,9,6,1,2,8,2,2,6,6,13,22,4,4512,4,1,0,1,2,2,0,0,0,3,7,7,0,3,3,0,3,2,1
"2020-05-21",6,9,6,1,2,8,2,2,6,6,13,22,4,4512,4,1,0,1,2,2,0,0,0,3,7,7,0,3,3,0,3,2,1
"2020-05-22",6,9,6,1,2,8,2,2,6,6,13,22,4,4512,4,1,0,1,2,2,0,0,0,3,7,7,0,3,3,0,3,2,1
"2020-05-23",6,9,6,1,2,8,2,2,6,6,13,22,4,4512,4,1,0,1,2,2,0,0,0,3,7,7,0,3,3,0,3,2,1
"2020-05-24",6,9,6,1,2,8,2,2,6,6,13,22,4,4512,4,1,0,1,2,2,0,0,0,3,7,7,0,3,3,0,3,2,1
"2020-05-25",6,9,6,1,2,8,2,2,6,6,13,22,4,4512,4,1,0,1,2,2,0,0,0,3,7,7,0,3,3,0,3,2,1
"2020-05-26",6,9,6,1,2,8,2,2,6,6,13,22,4,4512,4,1,0,1,2,2,0,0,0,3,7,7,0,3,3,0,3,2,1
"2020-05-27",6,9,6,1,2,8,2,2,6,6,13,22,4,4512,4,1,0,1,2,2,0,0,0,3,7,7,0,3,3,0,3,2,1
"2020-05-28",6,9,6,1,2,8,2,2,6,6,13,22,4,4512,4,1,0,1,2,2,0,0,0,3,7,7,0,3,3,0,3,2,1
"2020-05-29",6,9,6,1,2,8,2,2,6,6,13,22,4,4512,4,1,0,1,2,2,0,0,0,3,7,7,0,3,3,0,3,2,1
"2020-05-30",6,9,6,1,2,8,2,2,6,6,13,22,4,4512,4,1,0,1,2,2,0,0,0,3,7,7,0,3,3,0,3,2,1
"2020-05-31",6,9,6,1,2,8,2,2,6,6,13,22,4,4512,4,1,0,1,2,2,0,0,0,3,7,7,0,3,3,0,3,2,1
"2020-06-01",6,9,6,1,2,8,2,2,6,6,13,22,4,4512,4,1,0,1,2,2,0,0,0,3,7,7,0,3,3,0,3,2,1
"2020-06-02",6,9,6,1,2,8,2,2,6,6,13,22,4,4512,4,1,0,1,2,2,0,0,0,3,7,7,0,3,3,0,3,2,1
"2020-06-03",6,9,6,1,2,8,2,2,6,6,13,22,4,4512,4,1,0,1,2,2,0,0,0,3,7,7,0,3,3,0,3,2,1
"2020-06-04",6,9,6,1,2,8,2,2,6,6,13,22,4,4512,4,1,0,1,2,2,0,0,0,3,7,7,0,3,3,0,3,2,1
"2020-06-05",6,9,6,1,2,8,2,2,6,6,13,22,4,4512,4,1,0,1,2,2,0,0,0,3,7,7,0,3,3,0,3,2,1
"2020-06-06",6,9,6,1,2,8,2,2,6,6,13,22,4,4512,4,1,0,1,2,2,0,0,0,3,7,7,0,3,3,0,3,2,1
"2020-06-07",6,9,6,1,2,8,2,2,6,6,13,22,4,4512,4,1,0,1,2,2,0,0,0,3,7,7,0,3,3,0,3,2,1
"2020-06-08",6,9,6,1,2,8,2,2,6,6,13,22,4,4512,4,1,0,1,2,2,0,0,0,3,7,7,0,3,3,0,3,2,1
"2020-06-09",6,9,6,1,2,8,2,2,6,6,13,22,4,4512,4,1,0,1,2,2,0,0,0,3,7,7,0,3,3,0,3,2,1
"2020-06-10",6,9,6,1,2,8,2,2,6,6,13,22,4,4512,4,1,0,1,2,2,0,0,0,3,7,7,0,3,3,0,3,2,1
"2020-06-11",6,9,6,1,2,8,2,2,6,6,13,22,4,4512,4,1,0,1,2,2,0,0,0,3,7,7,0,3,3,0,3,2,1
"2020-06-12",6,9,6,1,2,8,2,2,6,6,13,22,4,4512,4,1,0,1,2,2,0,0,0,3,7,7,0,3,3,0,3,2,1
"2020-06-13",6,9,6,1,2,8,2,2,6,6,13,22,4,4512,4,1,0,1,2,2,0,0,0,3,7,7,0,3,3,0,3,2,1
"2020-06-14",6,9,6,1,2,8,2,2,6,6,13,22,4,4512,4,1,0,1,2,2,0,0,0,3,7,7,0,3,3,0,3,2,1
"2020-06-15",6,9,6,1,2,8,2,2,6,6,13,22,4,4512,4,1,0,1,2,2,0,0,0,3,7,7,0,3,3,0,3,2,1
"2020-06-16",6,9,6,1,2,8,2,2,6,6,13,22,4,4512,4,1,0,1,2,2,0,0,0,3,7,7,0,3,3,0,3,2,1
"2020-06-17",6,9,6,1,2,8,2,2,6,6,13,22,4,4512,4,1,0,1,2,2,0,0,0,3,7,7,0,3,3,0,3,2,1
"2020-06-18",6,9,6,1,2,8,2,2,6,6,13,22,4,4512,4,1,0,1,2,2,0,0,0,3,7,7,0,3,3,0,3,2,1
"2020-06-19",6,9,6,1,2,8,2,2,6,6,13,22,4,4512,4,1,0,1,2,2,0,0,0,3,7,7,0,3,3,0,3,2,1
"2020-06-20",6,9,6,1,2,8,2,2,6,6,13,22,5,4512,4,1,0,1,2,2,0,0,0,3,7,7,0,3,3,0,3,2,1
"2020-06-21",6,9,6,1,2,8,2,2,6,6,13,22,5,4512,4,1,0,1,2,2,0,0,0,3,7,7,0,3,3,0,3,2,1
"2020-06-22",6,9,6,1,2,8,2,2,6,6,13,22,5,4512,4,1,0,1,2,2,0,0,0,3,7,7,0,3,3,0,3,2,1
"2020-06-23",6,9,6,1,2,8,2,2,6,6,13,22,6,4512,4,1,0,1,2,2,0,0,0,3,7,7,0,3,3,0,3,2,1
"2020-06-24",6,9,6,1,2,8,2,2,6,6,13,22,6,4512,4,1,0,1,2,2,0,0,0,3,7,7,0,3,3,0,3,2,1
"2020-06-25",6,9,6,1,2,8,2,2,6,6,13,22,7,4512,4,1,0,1,2,2,0,0,0,3,7,7,0,3,3,0,3,2,1
"2020-06-26",6,9,6,1,2,8,2,2,6,6,13,22,7,4512,4,1,0,1,2,2,0,0,0,3,7,7,0,3,3,0,3,2,1
"2020-06-27",6,9,6,1,2,8,2,2,6,6,13,22,7,4512,4,1,0,1,2,2,0,0,0,3,7,7,0,3,3,0,3,2,1
"2020-06-28",6,9,6,1,2,8,2,2,6,6,13,22,7,4512,4,1,0,1,2,2,0,0,0,3,7,7,0,3,3,0,3,2,1
"2020-06-29",6,9,6,1,2,8,2,2,6,6,13,22,7,4512,4,1,0,1,2,2,0,0,0,3,7,7,0,3,3,0,3,2,1
"2020-06-30",6,9,6,1,2,8,2,2,6,6,13,22,7,4512,4,1,0,1,2,2,0,0,0,3,7,7,0,3,3,0,3,2,1
"2020-07-01",6,9,6,1,2,8,2,2,6,6,13,22,7,4512,4,1,0,1,2,2,0,0,0,3,7,7,0,3,3,0,3,2,1
"2020-07-02",6,9,6,1,2,8,2,2,6,6,13,22,7,4512,4,1,0,1,2,2,0,0,0,3,7,7,0,3,3,0,3,2,1
"2020-07-03",6,9,6,1,2,8,2,2,6,6,13,22,7,4512,4,1,0,1,2,2,0,0,0,3,7,7,0,3,3,0,3,2,1
"2020-07-04",6,9,6,1,2,8,2,2,6,6,13,22,7,4512,4,1,0,1,2,2,0,0,0,3,7,7,0,3,3,0,3,2,1
"2020-07-05",6,9,6,1,2,8,2,2,6,6,13,22,7,4512,4,1,0,1,2,2,0,0,0,3,7,7,0,3,3,0,3,2,1
"2020-07-06",6,9,6,1,2,8,2,2,6,6,13,22,7,4512,4,1,0,1,2,2,0,0,0,3,7,7,0,3,3,0,3,2,1
"2020-07-07",6,9,6,1,2,8,2,2,6,6,13,22,7,4512,4,1,0,1,2,2,0,0,0,3,7,7,0,3,3,0,3,2,1
"2020-07-08",6,9,6,1,2,8,2,2,6,6,13,22,7,4512,4,1,0,1,2,2,0,0,0,3,7,7,0,3,3,0,3,2,1
"2020-07-09",6,9,6,1,2,8,2,2,6,6,13,22,7,4512,4,1,0,1,2,2,0,0,0,3,7,7,0,3,3,0,3,2,1
"2020-07-10",6,9,6,1,2,8,2,2,6,6,13,22,7,4512,4,1,0,1,2,2,0,0,0,3,7,7,0,3,3,0,3,2,1
"2020-07-11",6,9,6,1,2,8,2,2,6,6,13,22,7,4512,4,1,0,1,2,2,0,0,0,3,7,7,0,3,3,0,3,2,1
"2020-07-12",6,9,6,1,2,8,2,2,6,6,13,22,7,4512,4,1,0,1,2,2,0,0,0,3,7,7,0,3,3,0,3,2,1
"2020-07-13",6,9,6,1,2,8,2,2,6,6,13,22,7,4512,4,1,0,1,2,2,0,0,0,3,7,7,0,3,3,0,3,2,1
"2020-07-14",6,9,6,1,2,8,2,2,6,6,13,22,8,4512,4,1,0,1,2,2,0,0,0,3,7,7,0,3,3,0,3,2,1
"2020-07-15",6,9,6,1,2,8,2,2,6,6,13,22,10,4512,4,1,0,1,2,2,0,0,0,3,7,7,0,3,3,0,3,2,1
"2020-07-16",6,9,6,1,2,8,2,2,6,6,13,22,10,4512,4,1,0,1,2,2,0,0,0,3,7,7,0,3,3,0,3,2,1
"2020-07-17",6,9,6,1,2,8,2,2,6,6,13,22,11,4512,4,1,0,1,2,2,0,0,0,3,7,7,0,3,3,0,3,2,1
"2020-07-18",6,9,6,1,2,8,2,2,6,6,13,22,12,4512,4,1,0,1,2,2,0,0,0,3,7,7,0,3,3,0,3,2,1
"2020-07-19",6,9,6,1,2,8,2,2,6,6,13,22,12,4512,4,1,0,1,2,2,0,0,0,3,7,7,0,3,3,0,3,2,1
"2020-07-20",6,9,6,1,2,8,2,2,6,6,13,22,12,4512,4,1,0,1,2,2,0,0,0,3,7,7,0,3,3,0,3,2,1
"2020-07-21",6,9,6,1,2,8,2,2,6,6,13,22,14,4512,4,1,0,1,2,2,0,0,0,3,7,7,0,3,3,0,3,2,1
"2020-07-22",6,9,6,1,2,8,2,2,6,6,13,22,14,4512,4,1,0,1,2,2,0,0,0,3,7,7,0,3,3,0,3,2,1
"2020-07-23",6,9,6,1,2,8,2,2,6,6,13,22,15,4512,4,1,0,1,2,2,0,0,0,3,7,7,0,3,3,0,3,2,1
"2020-07-24",6,9,6,1,2,8,2,2,6,6,13,22,16,4512,4,1,0,1,2,2,0,0,0,3,7,7,0,3,3,0,3,2,1
"2020-07-25",6,9,6,1,2,8,2,2,6,6,13,22,18,4512,4,1,0,1,2,2,0,0,0,3,7,7,0,3,3,0,3,2,1
"2020-07-26",6,9,6,1,2,8,2,2,6,6,13,22,18,4512,4,1,0,1,2,2,0,0,0,3,7,7,0,3,3,0,3,2,1
